first_name,last_name,email
Lammond,Richardsson,lrichardsson0@blinklist.com
Alexandr,Greeveson,agreeveson1@tamu.edu
Joyann,Galland,jgalland2@loc.gov
Fletch,Ivanovic,fivanovic3@ed.gov
Diandra,Francis,dfrancis4@booking.com
Abbey,Beidebeke,abeidebeke5@storify.com
Carolyn,Edgington,cedgington6@princeton.edu
Lyndsay,Goor,lgoor7@imageshack.us
Caron,Caudrey,ccaudrey8@discovery.com
Loralee,Duffree,lduffree9@biglobe.ne.jp
Amye,Mariolle,amariollea@bbc.co.uk
Berkly,Girardi,bgirardib@gravatar.com
Melinda,Ginie,mginiec@rakuten.co.jp
Kippie,Braunthal,kbraunthald@statcounter.com
Freddie,Bayliss,fbaylisse@webnode.com
Cristi,Pfiffer,cpfifferf@redcross.org
Godart,Driffe,gdriffeg@tiny.cc
Verene,Joyes,vjoyesh@a8.net
Junia,Stiggers,jstiggersi@webeden.co.uk
Brenna,Gellert,bgellertj@dell.com
Gavra,Bresman,gbresmank@acquirethisname.com
Geri,Jardein,gjardeinl@opensource.org
Rebekah,Kezar,rkezarm@craigslist.org
Peterus,Jannasch,pjannaschn@over-blog.com
Yoshi,Spackman,yspackmano@oracle.com
Ketty,Grzegorczyk,kgrzegorczykp@hatena.ne.jp
Valdemar,Gotthard.sf,vgotthardsfq@elegantthemes.com
Karina,Whitmell,kwhitmellr@hugedomains.com
Valene,Marsden,vmarsdens@google.cn
Caitlin,Espinay,cespinayt@etsy.com
Cristine,Rew,crewu@kickstarter.com
Bobbee,Jeanenet,bjeanenetv@boston.com
Arlee,Terrey,aterreyw@china.com.cn
Madella,Beathem,mbeathemx@ezinearticles.com
Valerye,Ferreiro,vferreiroy@msn.com
Ax,Benfell,abenfellz@xing.com
Bentlee,L'Homme,blhomme10@live.com
Fitz,Frisel,ffrisel11@dot.gov
Dody,Hickin,dhickin12@chron.com
Farrah,Lacy,flacy13@vinaora.com
Igor,Edis,iedis14@devhub.com
Jerrilee,Gatcliff,jgatcliff15@trellian.com
Cherise,Rentz,crentz16@jugem.jp
Haywood,Basant,hbasant17@themeforest.net
Gale,Arckoll,garckoll18@csmonitor.com
Wendall,Matignon,wmatignon19@people.com.cn
Vin,MacKessock,vmackessock1a@harvard.edu
Denni,Cawt,dcawt1b@e-recht24.de
Kippie,Coulbeck,kcoulbeck1c@npr.org
