first_name,last_name,email
Wake,Slimme,wslimme1d@themeforest.net
Caitlin,Lanchester,clanchester1e@discuz.net
Wolf,Paviour,wpaviour1f@freewebs.com
Calli,Khomich,ckhomich1g@narod.ru
Augusto,Meers,ameers1h@php.net
Ariella,Chazelle,achazelle1i@ucsd.edu
Mamie,Rountree,mrountree1j@homestead.com
Lyman,Planke,lplanke1k@howstuffworks.com
Margery,Chessor,mchessor1l@boston.com
Edan,Tookey,etookey1m@baidu.com
Ira,Lantoph,ilantoph1n@symantec.com
Elaina,Ginni,eginni1o@arstechnica.com
Bryce,Wareing,bwareing1p@vistaprint.com
Stacy,Cookes,scookes1q@google.ru
Twyla,Pabst,tpabst1r@networksolutions.com
Basil,Drake,bdrake1s@sphinn.com
Munmro,Heijnen,mheijnen1t@google.de
Neils,Schwandermann,nschwandermann1u@virginia.edu
Shelley,Clemes,sclemes1v@phpbb.com
Lisle,Mullally,lmullally1w@go.com
Cyb,Sowood,csowood1x@163.com
Inga,Terzi,iterzi1y@patch.com
Rebe,Beagles,rbeagles1z@mlb.com
Thalia,Lum,tlum20@about.me
Farlie,Norquay,fnorquay21@netlog.com
Den,Hanwright,dhanwright22@nymag.com
Horatius,Buckberry,hbuckberry23@theglobeandmail.com
Adelice,Gerritzen,agerritzen24@clickbank.net
Robinson,Duddridge,rduddridge25@nasa.gov
Lucien,Spaduzza,lspaduzza26@mtv.com
Quinlan,Martyns,qmartyns27@dion.ne.jp
Dacy,Zuppa,dzuppa28@cbslocal.com
Crin,Holley,cholley29@illinois.edu
Savina,Simonsson,ssimonsson2a@ebay.com
Athene,Kluger,akluger2b@vistaprint.com
Fredrick,Kamen,fkamen2c@tumblr.com
Benton,McKnockiter,bmcknockiter2d@godaddy.com
Berty,Farens,bfarens2e@about.me
Chelsey,Mosson,cmosson2f@hao123.com
Chastity,Gregs,cgregs2g@answers.com
Gelya,Berndtsson,gberndtsson2h@dion.ne.jp
Gunar,Everley,geverley2i@nationalgeographic.com
Mitchell,Vinton,mvinton2j@disqus.com
Lottie,Garfoot,lgarfoot2k@cmu.edu
Neall,Mussen,nmussen2l@va.gov
Darrel,Meiner,dmeiner2m@feedburner.com
Iosep,Beminster,ibeminster2n@networkadvertising.org
Indira,Bolf,ibolf2o@w3.org
Ethelda,Doberer,edoberer2p@unesco.org
Royall,McGebenay,rmcgebenay2q@fotki.com
Lew,Shirland,lshirland2r@issuu.com
